{
    "epoch_loss": {
        "type": "index_value",
        "index": [
            1,
            2,
            3,
            4,
            5,
            6,
            7,
            8,
            9,
            10,
            11,
            12,
            13,
            14,
            15,
            16,
            17,
            18,
            19,
            20,
            21,
            22,
            23,
            24,
            25,
            26,
            27,
            28,
            29,
            30,
            31,
            32,
            33,
            34,
            35,
            36,
            37,
            38,
            39,
            40,
            41,
            42,
            43,
            44,
            45,
            46,
            47,
            48,
            49,
            50
        ],
        "value": [
            2.7702658772468567,
            2.397176004946232,
            1.8697512596845627,
            1.5003166384994984,
            1.2422774694859982,
            1.022277157753706,
            0.8625149708241224,
            0.6777085699141026,
            0.540822358801961,
            0.45680755749344826,
            0.3556488873437047,
            0.3020207956433296,
            0.24540315801277757,
            0.22116486774757504,
            0.18892340455204248,
            0.14927812945097685,
            0.13143308460712433,
            0.10888837371021509,
            0.0971611924469471,
            0.09402825776487589,
            0.07896531210280955,
            0.07034870353527367,
            0.06127109006047249,
            0.056278118514455855,
            0.055306635913439095,
            0.04774517717305571,
            0.04814735101535916,
            0.042853750521317124,
            0.04027482378296554,
            0.03771383734419942,
            0.0339014339260757,
            0.0341004675719887,
            0.03141157078789547,
            0.027042741829063743,
            0.02813777542905882,
            0.024793318763840944,
            0.024335670634172857,
            0.02575934398919344,
            0.02347511815605685,
            0.02221916476264596,
            0.022057472146116197,
            0.019681177975144237,
            0.01806457166094333,
            0.020541593024972826,
            0.018787907378282398,
            0.01735168363666162,
            0.01772657979745418,
            0.017077148833777755,
            0.01570759227615781,
            0.015398826566524804
        ]
    },
    "train_oa": {
        "type": "index_value",
        "index": [
            10,
            20,
            30,
            40,
            50
        ],
        "value": [
            84.37902666270195,
            87.39220933690157,
            87.1939736346516,
            87.2137972048766,
            87.62018039448904
        ]
    },
    "train_aa": {
        "type": "index_value",
        "index": [
            10,
            20,
            30,
            40,
            50
        ],
        "value": [
            92.96613115850657,
            94.47044676148988,
            94.16912614560873,
            94.1674614878335,
            94.29507987194503
        ]
    },
    "train_kappa": {
        "type": "index_value",
        "index": [
            10,
            20,
            30,
            40,
            50
        ],
        "value": [
            82.46920402974047,
            85.78200287107374,
            85.56225866603654,
            85.58056037496983,
            86.02823064099488
        ]
    },
    "eval_time": 2.384185791015625e-07,
    "param": {
        "data": {
            "data_sign": "Indian",
            "data_file": "Indian_10",
            "patch_size": 13,
            "batch_size": 65,
            "num_classes": 16,
            "pca": 200,
            "dim_heads": 64,
            "spectral_size": 200,
            "random_rotate": true
        },
        "net": {
            "trainer": "sqsformer",
            "mlp_head_dim": 64,
            "depth": 3,
            "dim": 64,
            "heads": 20,
            "kernal": 5,
            "padding": 2
        },
        "train": {
            "epochs": 50,
            "lr": 0.001,
            "weight_decay": 0,
            "temp": 20
        },
        "uniq_name": "Indian_test"
    },
    "eval": {
        "classification": "                              precision    recall  f1-score   support\n\n                     Alfalfa     1.0000    1.0000    1.0000        36\n                 Corn-notill     0.8535    0.8173    0.8350      1418\n                Corn-mintill     0.8244    0.8476    0.8358       820\n                        Corn     0.8631    1.0000    0.9265       227\n               Grass-pasture     0.8321    0.9535    0.8887       473\n                 Grass-trees     0.8557    0.9639    0.9066       720\n         Grass-pasture-mowed     0.7826    1.0000    0.8780        18\n               Hay-windrowed     0.9689    1.0000    0.9842       468\n                        Oats     0.2222    1.0000    0.3636        10\n              Soybean-notill     0.9313    0.8742    0.9019       962\n             Soybean-mintill     0.9450    0.7448    0.8330      2445\n               Soybean-clean     0.7141    0.9125    0.8012       583\n                       Wheat     0.8705    1.0000    0.9308       195\n                       Woods     0.9757    0.9904    0.9830      1255\nBuildings-Grass-Trees-Drives     0.7505    0.9920    0.8545       376\n\n                   micro avg     0.8786    0.8758    0.8772     10006\n                   macro avg     0.8260    0.9398    0.8615     10006\n                weighted avg     0.8892    0.8758    0.8772     10006\n",
        "oa": 87.67965110516404,
        "confusion": "[[  36    0    0    0    0    0    0    0    0    0    0    0    0    0\n     0    0]\n [   0 1159   62    0    0   24    0    0    0   23  106    0    0    3\n    41    0]\n [   0    0  695   29   30    0    0    0    6    6    0   31   23    0\n     0    0]\n [   0    0    0  227    0    0    0    0    0    0    0    0    0    0\n     0    0]\n [   0    0   10    0  451    0    3    0    4    0    0    1    2    2\n     0    0]\n [   0    0    0    0    1  694    0    0   25    0    0    0    0    0\n     0    0]\n [   0    0    0    0    0    0   18    0    0    0    0    0    0    0\n     0    0]\n [   0    0    0    0    0    0    0  468    0    0    0    0    0    0\n     0    0]\n [   0    0    0    0    0    0    0    0   10    0    0    0    0    0\n     0    0]\n [   0   62   41    0    7    0    0    0    0  841    0    7    0    4\n     0    0]\n [   0  137   35    0   50   93    2   12    0   26 1821  174    4   22\n    69    0]\n [   0    0    0    7    0    0    0    0    0    5    0  532    0    0\n     7   32]\n [   0    0    0    0    0    0    0    0    0    0    0    0  195    0\n     0    0]\n [   0    0    0    0    0    0    0    3    0    2    0    0    0 1243\n     7    0]\n [   0    0    0    0    3    0    0    0    0    0    0    0    0    0\n   373    0]\n [   0    0    0    0    0    0    0    0    0    0    0    0    0    0\n     0   83]]",
        "each_acc": "[100.          81.7348378   84.75609756 100.          95.34883721\n  96.38888889 100.         100.         100.          87.42203742\n  74.47852761  91.25214408 100.          99.0438247   99.20212766\n 100.        ]",
        "aa": 94.35170768321166,
        "kappa": 86.0952199408349
    }
}